{"0":-0.0960705578327179,"1":0.024570679292082787,"2":0.045397575944662094,"3":-0.03680557757616043,"4":-0.07576439529657364,"5":-0.10421242564916611,"6":-0.009430186823010445,"7":-0.07159468531608582,"8":0.16445329785346985,"9":-0.1541214883327484,"10":0.229242742061615,"11":-0.05679169297218323,"12":-0.22156783938407898,"13":-0.01729556731879711,"14":-0.09097318351268768,"15":0.07588793337345123,"16":-0.13510918617248535,"17":-0.08591589331626892,"18":-0.009601571597158909,"19":-0.09393481910228729,"20":0.060641128569841385,"21":0.0130019411444664,"22":0.013716541230678558,"23":0.1250431090593338,"24":-0.08132148534059525,"25":-0.3039252758026123,"26":-0.14113733172416687,"27":-0.1324385553598404,"28":0.07945453375577927,"29":-0.09741698205471039,"30":-0.022877978160977364,"31":0.05370601266622543,"32":-0.13424699008464813,"33":-0.04087289422750473,"34":0.017242979258298874,"35":0.06828001141548157,"36":-0.029145095497369766,"37":0.012157578952610493,"38":0.24585244059562683,"39":0.04544468969106674,"40":-0.11735951900482178,"41":-0.018084919080138206,"42":0.013852570205926895,"43":0.33354753255844116,"44":0.06883027404546738,"45":0.10148521512746811,"46":0.005178629886358976,"47":-0.06005176901817322,"48":0.09139389544725418,"49":-0.176335871219635,"50":0.09570208936929703,"51":0.17771999537944794,"52":0.15330493450164795,"53":0.09328659623861313,"54":0.08464446663856506,"55":-0.1499118208885193,"56":0.05260060727596283,"57":0.05261208489537239,"58":-0.191135436296463,"59":0.15014970302581787,"60":0.04967271909117699,"61":-0.07531986385583878,"62":0.002828150987625122,"63":-0.01517317071557045,"64":0.26941636204719543,"65":0.059605903923511505,"66":-0.13335809111595154,"67":-0.10369610041379929,"68":0.1521448791027069,"69":-0.23648741841316223,"70":-0.04414777457714081,"71":0.10708552598953247,"72":-0.08201048523187637,"73":-0.14782270789146423,"74":-0.1973538100719452,"75":0.06080137565732002,"76":0.3978334665298462,"77":0.1810302436351776,"78":-0.12753766775131226,"79":0.047053705900907516,"80":-0.08620458096265793,"81":-0.11035170406103134,"82":0.06931301951408386,"83":0.11094716191291809,"84":-0.11955184489488602,"85":0.07147461175918579,"86":-0.06174759566783905,"87":0.03054267168045044,"88":0.1296054869890213,"89":-0.002881677821278572,"90":-0.024334058165550232,"91":0.24989520013332367,"92":-0.01038233283907175,"93":0.07492876052856445,"94":0.043535441160202026,"95":-0.01649836078286171,"96":-0.1288480907678604,"97":-0.021753469482064247,"98":-0.047582246363162994,"99":-0.004103461280465126,"100":0.05261266976594925,"101":-0.14115674793720245,"102":0.01159449853003025,"103":0.030280105769634247,"104":-0.20643216371536255,"105":0.13023535907268524,"106":-0.04895303025841713,"107":-0.04649905487895012,"108":-0.032234594225883484,"109":0.09594395756721497,"110":-0.17358237504959106,"111":-0.059955500066280365,"112":0.16169793903827667,"113":-0.30813419818878174,"114":0.2183656394481659,"115":0.161997988820076,"116":0.07222221791744232,"117":0.14466290175914764,"118":0.06493530422449112,"119":0.05960988998413086,"120":0.02043941430747509,"121":-0.07401891052722931,"122":-0.07682526111602783,"123":-0.07179298996925354,"124":0.048124730587005615,"125":-0.065538689494133,"126":0.07949135452508926,"127":-0.005873498972505331}